Designator,Mid X,Mid Y,Rotation,Layer
BT1,85.7054,-2.0433,0.0,bottom
H4,12.4188,-5.3795,0.0,top
J1,34.4884,-45.2315,270.0,top
J10,117.6219,-18.6467,270.0,top
J11,93.107179,-31.5765,180.0,top
J2,116.6742,-26.0395,0.0,top
J3,62.5758,-20.3595,180.0,top
J4,102.388,-22.1125,90.0,top
J5,69.917,-37.2925,180.0,top
J6,67.5857,-45.7267,180.0,top
J8,92.999629,-20.095075,0.0,top
J9,117.6265,-33.1247,270.0,top
SW1,94.0718,-2.0225,180.0,top
